{
  "advantage_mean": [
    1.0539447357115581,
    1.043172961083528,
    0.06921682942708333,
    1.3500199680511182,
    1.0689820455848624,
    0.517259557038835,
    0.25615815097845873,
    3.1429592993951614,
    0.39632789532066637
  ],
  "advantage_mean_T": [
    491,
    10751,
    21054,
    31349,
    41572,
    51714,
    61725,
    71846,
    81940
  ],
  "agent_grad_norm": [
    0.08748548477888107,
    0.08593032509088516,
    0.1074703261256218,
    0.24079211056232452,
    0.2592805325984955,
    0.21670082211494446,
    0.23806428909301758,
    0.42517736554145813,
    0.2360055148601532
  ],
  "agent_grad_norm_T": [
    491,
    10751,
    21054,
    31349,
    41572,
    51714,
    61725,
    71846,
    81940
  ],
  "battle_won_mean": [
    0.0,
    0.0,
    0.0,
    0.0,
    0.0,
    0.0,
    0.0,
    0.0,
    0.0
  ],
  "battle_won_mean_T": [
    491,
    10751,
    21054,
    31349,
    41572,
    51714,
    61725,
    71846,
    81940
  ],
  "critic_grad_norm": [
    0.9032332301139832,
    1.622116208076477,
    3.14607572555542,
    3.3782272338867188,
    2.484983444213867,
    4.054398059844971,
    3.4180991649627686,
    20.247360229492188,
    3.3022446632385254
  ],
  "critic_grad_norm_T": [
    491,
    10751,
    21054,
    31349,
    41572,
    51714,
    61725,
    71846,
    81940
  ],
  "critic_loss": [
    11.018155097961426,
    9.539277076721191,
    9.455160140991211,
    21.424341201782227,
    18.36359405517578,
    12.570517539978027,
    9.477436065673828,
    22.601579666137695,
    9.520830154418945
  ],
  "critic_loss_T": [
    491,
    10751,
    21054,
    31349,
    41572,
    51714,
    61725,
    71846,
    81940
  ],
  "dead_allies_mean": [
    10.0,
    9.8875,
    9.853846153846154,
    9.786206896551723,
    9.81,
    9.86774193548387,
    9.706451612903226,
    9.586666666666666,
    9.43
  ],
  "dead_allies_mean_T": [
    491,
    10751,
    21054,
    31349,
    41572,
    51714,
    61725,
    71846,
    81940
  ],
  "dead_enemies_mean": [
    0.0,
    0.004166666666666667,
    0.015384615384615385,
    0.1896551724137931,
    0.56,
    1.070967741935484,
    1.3548387096774193,
    1.7166666666666666,
    1.9
  ],
  "dead_enemies_mean_T": [
    491,
    10751,
    21054,
    31349,
    41572,
    51714,
    61725,
    71846,
    81940
  ],
  "ep_length_mean": [
    49.1,
    42.75,
    39.62692307692308,
    35.5,
    34.07666666666667,
    32.71612903225807,
    32.29354838709678,
    33.736666666666665,
    33.64666666666667
  ],
  "ep_length_mean_T": [
    491,
    10751,
    21054,
    31349,
    41572,
    51714,
    61725,
    71846,
    81940
  ],
  "episode": [
    1360
  ],
  "episode_T": [
    50078
  ],
  "pg_loss": [
    1.3566807508468628,
    1.19644033908844,
    -1.1575558185577393,
    0.049079425632953644,
    -0.3461019694805145,
    -0.9464240074157715,
    -1.0131193399429321,
    3.5524463653564453,
    -0.5051140785217285
  ],
  "pg_loss_T": [
    491,
    10751,
    21054,
    31349,
    41572,
    51714,
    61725,
    71846,
    81940
  ],
  "pi_max": [
    0.574429675566446,
    0.5469373471268983,
    0.5769184244791666,
    0.5573743728783945,
    0.5959664534355887,
    0.5707981739229369,
    0.602746265991606,
    0.6063979807207661,
    0.6346652466245645
  ],
  "pi_max_T": [
    491,
    10751,
    21054,
    31349,
    41572,
    51714,
    61725,
    71846,
    81940
  ],
  "q_taken_mean": [
    0.03197799030000955,
    0.44137430636682246,
    1.5909649739583334,
    3.7550887330271565,
    3.9257818472859327,
    4.218396667677993,
    3.5432993274676376,
    3.6447716103830645,
    5.831413327526133
  ],
  "q_taken_mean_T": [
    491,
    10751,
    21054,
    31349,
    41572,
    51714,
    61725,
    71846,
    81940
  ],
  "return_mean": [
    {
      "dtype": "float64",
      "py/object": "numpy.float64",
      "value": 2.6580588054187193
    },
    {
      "dtype": "float64",
      "py/object": "numpy.float64",
      "value": 2.6471957703137834
    },
    {
      "dtype": "float64",
      "py/object": "numpy.float64",
      "value": 2.8915701267347957
    },
    {
      "dtype": "float64",
      "py/object": "numpy.float64",
      "value": 3.754721622457321
    },
    {
      "dtype": "float64",
      "py/object": "numpy.float64",
      "value": 5.030341684626437
    },
    {
      "dtype": "float64",
      "py/object": "numpy.float64",
      "value": 5.886171701195774
    },
    {
      "dtype": "float64",
      "py/object": "numpy.float64",
      "value": 6.106664631708843
    },
    {
      "dtype": "float64",
      "py/object": "numpy.float64",
      "value": 6.55130910688629
    },
    {
      "dtype": "float64",
      "py/object": "numpy.float64",
      "value": 6.700405233348727
    }
  ],
  "return_mean_T": [
    491,
    10751,
    21054,
    31349,
    41572,
    51714,
    61725,
    71846,
    81940
  ],
  "return_std": [
    {
      "dtype": "float64",
      "py/object": "numpy.float64",
      "value": 0.6787447684052733
    },
    {
      "dtype": "float64",
      "py/object": "numpy.float64",
      "value": 0.5703567029833272
    },
    {
      "dtype": "float64",
      "py/object": "numpy.float64",
      "value": 0.6560620488860699
    },
    {
      "dtype": "float64",
      "py/object": "numpy.float64",
      "value": 1.2484559219548497
    },
    {
      "dtype": "float64",
      "py/object": "numpy.float64",
      "value": 1.5059362375638865
    },
    {
      "dtype": "float64",
      "py/object": "numpy.float64",
      "value": 1.3754332076771407
    },
    {
      "dtype": "float64",
      "py/object": "numpy.float64",
      "value": 1.5727714410201714
    },
    {
      "dtype": "float64",
      "py/object": "numpy.float64",
      "value": 1.6850392331266868
    },
    {
      "dtype": "float64",
      "py/object": "numpy.float64",
      "value": 1.7247331476484358
    }
  ],
  "return_std_T": [
    491,
    10751,
    21054,
    31349,
    41572,
    51714,
    61725,
    71846,
    81940
  ],
  "target_mean": [
    1.0859227819501018,
    1.4845472674503504,
    1.6601819010416667,
    5.105108701078275,
    4.994764191513761,
    4.735656224716829,
    3.799457043891586,
    6.787731224798387,
    6.227741860844947
  ],
  "target_mean_T": [
    491,
    10751,
    21054,
    31349,
    41572,
    51714,
    61725,
    71846,
    81940
  ],
  "td_error_abs": [
    2.6260915224032586,
    2.332320796217874,
    2.4196919270833335,
    3.565927952775559,
    3.1764119839449543,
    2.743484210659385,
    2.400755176729369,
    3.8988526965725807,
    2.390336794969512
  ],
  "td_error_abs_T": [
    491,
    10751,
    21054,
    31349,
    41572,
    51714,
    61725,
    71846,
    81940
  ],
  "test_battle_won_mean": [
    0.0,
    0.0
  ],
  "test_battle_won_mean_T": [
    491,
    50745
  ],
  "test_dead_allies_mean": [
    9.94,
    9.88
  ],
  "test_dead_allies_mean_T": [
    491,
    50745
  ],
  "test_dead_enemies_mean": [
    0.0,
    1.27
  ],
  "test_dead_enemies_mean_T": [
    491,
    50745
  ],
  "test_ep_length_mean": [
    44.58,
    31.85
  ],
  "test_ep_length_mean_T": [
    491,
    50745
  ],
  "test_return_mean": [
    {
      "dtype": "float64",
      "py/object": "numpy.float64",
      "value": 2.5555298452894095
    },
    {
      "dtype": "float64",
      "py/object": "numpy.float64",
      "value": 6.0722579279556665
    }
  ],
  "test_return_mean_T": [
    491,
    50745
  ],
  "test_return_std": [
    {
      "dtype": "float64",
      "py/object": "numpy.float64",
      "value": 0.467394970869992
    },
    {
      "dtype": "float64",
      "py/object": "numpy.float64",
      "value": 1.3403799453165264
    }
  ],
  "test_return_std_T": [
    491,
    50745
  ]
}