{
  "advantage_mean": [
    1.4663760322016208,
    0.8560071536144578,
    -0.3411891325739504,
    1.7549987409099843,
    0.6004483786962366
  ],
  "advantage_mean_T": [
    509,
    10549,
    20908,
    31172,
    41214
  ],
  "agent_grad_norm": [
    0.08584288507699966,
    0.11094317585229874,
    0.13949908316135406,
    0.2207988053560257,
    0.18213693797588348
  ],
  "agent_grad_norm_T": [
    509,
    10549,
    20908,
    31172,
    41214
  ],
  "battle_won_mean": [
    0.0,
    0.0,
    0.0,
    0.0,
    0.0
  ],
  "battle_won_mean_T": [
    509,
    10549,
    20908,
    31172,
    41214
  ],
  "critic_grad_norm": [
    1.330207109451294,
    2.289763927459717,
    3.866896867752075,
    7.400270938873291,
    3.3926522731781006
  ],
  "critic_grad_norm_T": [
    509,
    10549,
    20908,
    31172,
    41214
  ],
  "critic_loss": [
    14.777998924255371,
    10.096811294555664,
    9.618186950683594,
    20.475696563720703,
    8.152032852172852
  ],
  "critic_loss_T": [
    509,
    10549,
    20908,
    31172,
    41214
  ],
  "dead_allies_mean": [
    10.0,
    9.927272727272728,
    9.8625,
    9.562068965517241,
    9.25
  ],
  "dead_allies_mean_T": [
    509,
    10549,
    20908,
    31172,
    41214
  ],
  "dead_enemies_mean": [
    0.0,
    0.004545454545454545,
    0.041666666666666664,
    0.5,
    0.9666666666666667
  ],
  "dead_enemies_mean_T": [
    509,
    10549,
    20908,
    31172,
    41214
  ],
  "ep_length_mean": [
    50.9,
    45.63636363636363,
    43.1625,
    35.39310344827586,
    27.894444444444446
  ],
  "ep_length_mean_T": [
    509,
    10549,
    20908,
    31172,
    41214
  ],
  "pg_loss": [
    -1.4913300275802612,
    -0.872963011264801,
    0.3263021409511566,
    -1.77616548538208,
    -0.6132279634475708
  ],
  "pg_loss_T": [
    509,
    10549,
    20908,
    31172,
    41214
  ],
  "pi_max": [
    0.5985445573428291,
    0.5522499764683735,
    0.6224418038326972,
    0.6308684343062106,
    0.7375476905521954
  ],
  "pi_max_T": [
    509,
    10549,
    20908,
    31172,
    41214
  ],
  "q_taken_mean": [
    0.0018684690734023898,
    1.9920754894578314,
    2.5297846592716287,
    4.762916420990566,
    4.754234921034946
  ],
  "q_taken_mean_T": [
    509,
    10549,
    20908,
    31172,
    41214
  ],
  "return_mean": [
    {
      "dtype": "float64",
      "py/object": "numpy.float64",
      "value": 2.1682621998152714
    },
    {
      "dtype": "float64",
      "py/object": "numpy.float64",
      "value": 2.8059866386307664
    },
    {
      "dtype": "float64",
      "py/object": "numpy.float64",
      "value": 3.4419410943593505
    },
    {
      "dtype": "float64",
      "py/object": "numpy.float64",
      "value": 4.8355258740126565
    },
    {
      "dtype": "float64",
      "py/object": "numpy.float64",
      "value": 5.942648574336345
    }
  ],
  "return_mean_T": [
    509,
    10549,
    20908,
    31172,
    41214
  ],
  "return_std": [
    {
      "dtype": "float64",
      "py/object": "numpy.float64",
      "value": 0.3639997223292817
    },
    {
      "dtype": "float64",
      "py/object": "numpy.float64",
      "value": 0.6083378863617631
    },
    {
      "dtype": "float64",
      "py/object": "numpy.float64",
      "value": 0.9249898055101263
    },
    {
      "dtype": "float64",
      "py/object": "numpy.float64",
      "value": 1.3386994544828679
    },
    {
      "dtype": "float64",
      "py/object": "numpy.float64",
      "value": 1.2335946983689565
    }
  ],
  "return_std_T": [
    509,
    10549,
    20908,
    31172,
    41214
  ],
  "target_mean": [
    1.4682445473661592,
    2.848082643072289,
    2.1885955888199744,
    6.517915315448113,
    5.354683299731183
  ],
  "target_mean_T": [
    509,
    10549,
    20908,
    31172,
    41214
  ],
  "td_error_abs": [
    3.0157462549115914,
    2.4456774755271082,
    2.248472288486005,
    3.410384421678459,
    2.1823616711469533
  ],
  "td_error_abs_T": [
    509,
    10549,
    20908,
    31172,
    41214
  ],
  "test_battle_won_mean": [
    0.0
  ],
  "test_battle_won_mean_T": [
    509
  ],
  "test_dead_allies_mean": [
    9.92
  ],
  "test_dead_allies_mean_T": [
    509
  ],
  "test_dead_enemies_mean": [
    0.01
  ],
  "test_dead_enemies_mean_T": [
    509
  ],
  "test_ep_length_mean": [
    44.89
  ],
  "test_ep_length_mean_T": [
    509
  ],
  "test_return_mean": [
    {
      "dtype": "float64",
      "py/object": "numpy.float64",
      "value": 2.550167073968596
    }
  ],
  "test_return_mean_T": [
    509
  ],
  "test_return_std": [
    {
      "dtype": "float64",
      "py/object": "numpy.float64",
      "value": 0.6182329049830895
    }
  ],
  "test_return_std_T": [
    509
  ]
}