{
  "advantage_mean": [
    0.9087858709670206,
    0.001998653014500936,
    -0.31860604084713356,
    0.42693045479910713,
    0.11230102968422366,
    0.12737164130577674,
    -0.21628837659234465,
    0.030358516579807395,
    0.34054687757532304,
    -0.5351924337082655,
    -0.9355839938982159,
    0.1462401889619373,
    -0.14784048049993195
  ],
  "advantage_mean_T": [
    524,
    11073,
    21241,
    31679,
    41956,
    52301,
    62600,
    73005,
    83453,
    93894,
    104173,
    114592,
    124798
  ],
  "agent_grad_norm": [
    0.09601905196905136,
    0.10046322643756866,
    0.10215793550014496,
    0.18408702313899994,
    0.12804248929023743,
    0.08501479774713516,
    0.0709945484995842,
    0.1115499958395958,
    0.11384620517492294,
    0.07347199320793152,
    0.18219242990016937,
    0.10386758297681808,
    0.06489358097314835
  ],
  "agent_grad_norm_T": [
    524,
    11073,
    21241,
    31679,
    41956,
    52301,
    62600,
    73005,
    83453,
    93894,
    104173,
    114592,
    124798
  ],
  "battle_won_mean": [
    0.0,
    0.0,
    0.0,
    0.0,
    0.0,
    0.0,
    0.0,
    0.0,
    0.0,
    0.005,
    0.0,
    0.005,
    0.010526315789473684
  ],
  "battle_won_mean_T": [
    524,
    11073,
    21241,
    31679,
    41956,
    52301,
    62600,
    73005,
    83453,
    93894,
    104173,
    114592,
    124798
  ],
  "critic_grad_norm": [
    1.2625033855438232,
    0.7894898056983948,
    1.835577130317688,
    1.9902679920196533,
    2.080994129180908,
    1.8872599601745605,
    1.4649991989135742,
    1.4415251016616821,
    3.454221725463867,
    1.7960442304611206,
    8.614165306091309,
    3.5996406078338623,
    8.443784713745117
  ],
  "critic_grad_norm_T": [
    524,
    11073,
    21241,
    31679,
    41956,
    52301,
    62600,
    73005,
    83453,
    93894,
    104173,
    114592,
    124798
  ],
  "critic_loss": [
    8.039251327514648,
    5.838695049285889,
    6.19936466217041,
    9.458961486816406,
    7.320216178894043,
    5.813498497009277,
    4.556641578674316,
    4.488519191741943,
    4.757836818695068,
    4.791280269622803,
    8.109471321105957,
    6.35725736618042,
    6.2588090896606445
  ],
  "critic_loss_T": [
    524,
    11073,
    21241,
    31679,
    41956,
    52301,
    62600,
    73005,
    83453,
    93894,
    104173,
    114592,
    124798
  ],
  "dead_allies_mean": [
    8.0,
    7.99,
    7.973684210526316,
    7.9904761904761905,
    7.995454545454545,
    7.9904761904761905,
    7.9904761904761905,
    7.936842105263158,
    7.9904761904761905,
    7.935,
    7.975,
    7.96,
    7.926315789473684
  ],
  "dead_allies_mean_T": [
    524,
    11073,
    21241,
    31679,
    41956,
    52301,
    62600,
    73005,
    83453,
    93894,
    104173,
    114592,
    124798
  ],
  "dead_enemies_mean": [
    0.0,
    0.01,
    0.1,
    0.7047619047619048,
    1.690909090909091,
    2.7285714285714286,
    3.1714285714285713,
    3.278947368421053,
    2.638095238095238,
    2.94,
    2.98,
    3.55,
    3.7473684210526317
  ],
  "dead_enemies_mean_T": [
    524,
    11073,
    21241,
    31679,
    41956,
    52301,
    62600,
    73005,
    83453,
    93894,
    104173,
    114592,
    124798
  ],
  "ep_length_mean": [
    52.4,
    52.745,
    53.51578947368421,
    49.7047619047619,
    46.71363636363636,
    49.26190476190476,
    49.042857142857144,
    54.76315789473684,
    49.75238095238095,
    52.205,
    51.395,
    52.095,
    53.71578947368421
  ],
  "ep_length_mean_T": [
    524,
    11073,
    21241,
    31679,
    41956,
    52301,
    62600,
    73005,
    83453,
    93894,
    104173,
    114592,
    124798
  ],
  "episode": [
    1000,
    1980
  ],
  "episode_T": [
    50312,
    100317
  ],
  "pg_loss": [
    -0.9381808638572693,
    -0.01797771081328392,
    0.30473193526268005,
    -0.4426761269569397,
    -0.12272600084543228,
    -0.1347888857126236,
    0.20964935421943665,
    -0.038486119359731674,
    -0.3476964831352234,
    0.5296584367752075,
    0.9264081716537476,
    -0.15308235585689545,
    0.14309658110141754
  ],
  "pg_loss_T": [
    524,
    11073,
    21241,
    31679,
    41956,
    52301,
    62600,
    73005,
    83453,
    93894,
    104173,
    114592,
    124798
  ],
  "pi_max": [
    0.4663971471422501,
    0.5609491136338975,
    0.6075217018664723,
    0.6415043086796016,
    0.73449284276921,
    0.7981931898328993,
    0.7957978534514023,
    0.7973906564240408,
    0.7995078815186577,
    0.8418509517508144,
    0.8372895802166445,
    0.8517030382913257,
    0.879327029379082
  ],
  "pi_max_T": [
    524,
    11073,
    21241,
    31679,
    41956,
    52301,
    62600,
    73005,
    83453,
    93894,
    104173,
    114592,
    124798
  ],
  "q_taken_mean": [
    0.034997423186556985,
    1.6126463148328993,
    2.1947146133637765,
    3.8654173463255495,
    4.119620715384875,
    3.9048096746461005,
    3.562489138811654,
    3.254951220219678,
    3.006089093815928,
    2.705704580300794,
    5.746443078873005,
    6.569859095982143,
    5.0505162032837445
  ],
  "q_taken_mean_T": [
    524,
    11073,
    21241,
    31679,
    41956,
    52301,
    62600,
    73005,
    83453,
    93894,
    104173,
    114592,
    124798
  ],
  "return_mean": [
    {
      "dtype": "float64",
      "py/object": "numpy.float64",
      "value": 4.3672185430463575
    },
    {
      "dtype": "float64",
      "py/object": "numpy.float64",
      "value": 4.703443708609272
    },
    {
      "dtype": "float64",
      "py/object": "numpy.float64",
      "value": 5.594022307424188
    },
    {
      "dtype": "float64",
      "py/object": "numpy.float64",
      "value": 6.864088615578681
    },
    {
      "dtype": "float64",
      "py/object": "numpy.float64",
      "value": 8.943708609271521
    },
    {
      "dtype": "float64",
      "py/object": "numpy.float64",
      "value": 10.422098707032479
    },
    {
      "dtype": "float64",
      "py/object": "numpy.float64",
      "value": 11.131117943866286
    },
    {
      "dtype": "float64",
      "py/object": "numpy.float64",
      "value": 11.391024747298706
    },
    {
      "dtype": "float64",
      "py/object": "numpy.float64",
      "value": 10.511218858404286
    },
    {
      "dtype": "float64",
      "py/object": "numpy.float64",
      "value": 11.367342715231784
    },
    {
      "dtype": "float64",
      "py/object": "numpy.float64",
      "value": 11.693882450331126
    },
    {
      "dtype": "float64",
      "py/object": "numpy.float64",
      "value": 12.346407284768206
    },
    {
      "dtype": "float64",
      "py/object": "numpy.float64",
      "value": 12.967889508539558
    }
  ],
  "return_mean_T": [
    524,
    11073,
    21241,
    31679,
    41956,
    52301,
    62600,
    73005,
    83453,
    93894,
    104173,
    114592,
    124798
  ],
  "return_std": [
    {
      "dtype": "float64",
      "py/object": "numpy.float64",
      "value": 0.853839200180013
    },
    {
      "dtype": "float64",
      "py/object": "numpy.float64",
      "value": 0.9413803415741702
    },
    {
      "dtype": "float64",
      "py/object": "numpy.float64",
      "value": 1.0952631683713856
    },
    {
      "dtype": "float64",
      "py/object": "numpy.float64",
      "value": 1.2536343610329637
    },
    {
      "dtype": "float64",
      "py/object": "numpy.float64",
      "value": 1.5085116686382858
    },
    {
      "dtype": "float64",
      "py/object": "numpy.float64",
      "value": 1.3482241450855712
    },
    {
      "dtype": "float64",
      "py/object": "numpy.float64",
      "value": 1.3674334902161616
    },
    {
      "dtype": "float64",
      "py/object": "numpy.float64",
      "value": 1.3275525522477127
    },
    {
      "dtype": "float64",
      "py/object": "numpy.float64",
      "value": 1.7031732379219837
    },
    {
      "dtype": "float64",
      "py/object": "numpy.float64",