{
  "advantage_mean": [
    -0.01181280517578125,
    0.2164864501953125,
    -0.1001227518717448,
    -0.10575262451171875,
    0.1584515380859375,
    -0.1416897989908854,
    0.16151809692382812,
    -0.14394186401367187,
    0.13581001790364583
  ],
  "advantage_mean_T": [
    500,
    10500,
    20965,
    30965,
    41408,
    51874,
    62357,
    72849,
    83250
  ],
  "agent_grad_norm": [
    0.14058305323123932,
    0.17735224962234497,
    0.12223801761865616,
    0.12531641125679016,
    0.2318781167268753,
    0.1060183122754097,
    0.17272143065929413,
    0.10910839587450027,
    0.21293401718139648
  ],
  "agent_grad_norm_T": [
    500,
    10500,
    20965,
    30965,
    41408,
    51874,
    62357,
    72849,
    83250
  ],
  "critic_grad_norm": [
    0.46481287479400635,
    0.8225404620170593,
    0.41905906796455383,
    0.4081648588180542,
    0.6437491774559021,
    0.6083235740661621,
    0.9268025159835815,
    1.089024305343628,
    0.9817301630973816
  ],
  "critic_grad_norm_T": [
    500,
    10500,
    20965,
    30965,
    41408,
    51874,
    62357,
    72849,
    83250
  ],
  "critic_loss": [
    4.193936347961426,
    5.623736381530762,
    2.2803797721862793,
    1.838450312614441,
    4.630557060241699,
    1.410956859588623,
    5.573643207550049,
    1.7242519855499268,
    3.3589248657226562
  ],
  "critic_loss_T": [
    500,
    10500,
    20965,
    30965,
    41408,
    51874,
    62357,
    72849,
    83250
  ],
  "ep_length_mean": [
    50.0,
    50.0,
    49.833333333333336,
    50.0,
    49.72857142857143,
    49.838095238095235,
    49.91904761904762,
    49.96190476190476,
    49.52857142857143
  ],
  "ep_length_mean_T": [
    500,
    10500,
    20965,
    30965,
    41408,
    51874,
    62357,
    72849,
    83250
  ],
  "episode": [
    1010
  ],
  "episode_T": [
    50374
  ],
  "pg_loss": [
    -0.013971679843962193,
    -0.23809735476970673,
    0.08048424124717712,
    0.08746337890625,
    -0.1779906004667282,
    0.12522053718566895,
    -0.17872601747512817,
    0.12821348011493683,
    -0.15443873405456543
  ],
  "pg_loss_T": [
    500,
    10500,
    20965,
    30965,
    41408,
    51874,
    62357,
    72849,
    83250
  ],
  "pi_max": [
    0.20605143229166667,
    0.22194392903645832,
    0.2817528076171875,
    0.328180908203125,
    0.400847412109375,
    0.40707967122395833,
    0.43855143229166665,
    0.41288789876302084,
    0.3942054443359375
  ],
  "pi_max_T": [
    500,
    10500,
    20965,
    30965,
    41408,
    51874,
    62357,
    72849,
    83250
  ],
  "q_taken_mean": [
    0.07820432535807291,
    0.014161343892415365,
    -0.00226145871480306,
    0.01045526377360026,
    -0.06943010457356771,
    -5.458227793375651e-05,
    -0.02012344741821289,
    0.025793787638346354,
    -0.030499532063802084
  ],
  "q_taken_mean_T": [
    500,
    10500,
    20965,
    30965,
    41408,
    51874,
    62357,
    72849,
    83250
  ],
  "return_mean": [
    {
      "dtype": "float64",
      "py/object": "numpy.float64",
      "value": 0.17698412698412697
    },
    {
      "dtype": "float64",
      "py/object": "numpy.float64",
      "value": 0.11322276334776335
    },
    {
      "dtype": "float64",
      "py/object": "numpy.float64",
      "value": 0.11550779907922766
    },
    {
      "dtype": "float64",
      "py/object": "numpy.float64",
      "value": 0.08946867021867021
    },
    {
      "dtype": "float64",
      "py/object": "numpy.float64",
      "value": 0.14409788624074338
    },
    {
      "dtype": "float64",
      "py/object": "numpy.float64",
      "value": 0.12825998075998077
    },
    {
      "dtype": "float64",
      "py/object": "numpy.float64",
      "value": 0.13578557685700543
    },
    {
      "dtype": "float64",
      "py/object": "numpy.float64",
      "value": 0.1534865663437092
    },
    {
      "dtype": "float64",
      "py/object": "numpy.float64",
      "value": 0.14725782154353584
    }
  ],
  "return_mean_T": [
    500,
    10500,
    20965,
    30965,
    41408,
    51874,
    62357,
    72849,
    83250
  ],
  "return_std": [
    {
      "dtype": "float64",
      "py/object": "numpy.float64",
      "value": 0.1676107050593467
    },
    {
      "dtype": "float64",
      "py/object": "numpy.float64",
      "value": 0.176541678861448
    },
    {
      "dtype": "float64",
      "py/object": "numpy.float64",
      "value": 0.18152382638552822
    },
    {
      "dtype": "float64",
      "py/object": "numpy.float64",
      "value": 0.14333076603104547
    },
    {
      "dtype": "float64",
      "py/object": "numpy.float64",
      "value": 0.19634613416722677
    },
    {
      "dtype": "float64",
      "py/object": "numpy.float64",
      "value": 0.19281383546373895
    },
    {
      "dtype": "float64",
      "py/object": "numpy.float64",
      "value": 0.18195836441665375
    },
    {
      "dtype": "float64",
      "py/object": "numpy.float64",
      "value": 0.20239604058931077
    },
    {
      "dtype": "float64",
      "py/object": "numpy.float64",
      "value": 0.22237863778341688
    }
  ],
  "return_std_T": [
    500,
    10500,
    20965,
    30965,
    41408,
    51874,
    62357,
    72849,
    83250
  ],
  "target_mean": [
    0.06639156087239584,
    0.23064778645833334,
    -0.10238422648111979,
    -0.09529735310872396,
    0.08902146402994791,
    -0.1417444051106771,
    0.14139464314778646,
    -0.11814806111653646,
    0.10531049601236979
  ],
  "target_mean_T": [
    500,
    10500,
    20965,
    30965,
    41408,
    51874,
    62357,
    72849,
    83250
  ],
  "td_error_abs": [
    0.9976630045572916,
    0.879869140625,
    0.5712508544921875,
    0.567393798828125,
    0.7195328776041666,
    0.5390475260416666,
    0.8228748372395833,
    0.6228670247395833,
    0.7186538899739583
  ],
  "td_error_abs_T": [
    500,
    10500,
    20965,
    30965,
    41408,
    51874,
    62357,
    72849,
    83250
  ],
  "test_ep_length_mean": [
    50.0,
    50.0
  ],
  "test_ep_length_mean_T": [
    500,
    50874
  ],
  "test_return_mean": [
    {
      "dtype": "float64",
      "py/object": "numpy.float64",
      "value": 0.08984704184704183
    },
    {
      "dtype": "float64",
      "py/object": "numpy.float64",
      "value": 0.1321391108891109
    }
  ],
  "test_return_mean_T": [
    500,
    50874
  ],
  "test_return_std": [
    {
      "dtype": "float64",
      "py/object": "numpy.float64",
      "value": 0.13492588203098752
    },
    {
      "dtype": "float64",
      "py/object": "numpy.float64",
      "value": 0.18483778636135872
    }
  ],
  "test_return_std_T": [
    500,
    50874
  ]
}