{
  "advantage_mean": [
    1.0681885271092133,
    1.9475914618729773,
    0.7014126939838435,
    0.1768175916273111,
    -0.5385440080525489,
    0.08614061795748197,
    -0.45464784542243636,
    0.06185248289869425,
    -0.07258383614676339,
    0.06428069211124035,
    0.03142937554253472,
    -0.1273637062592032,
    0.18220360237670596
  ],
  "advantage_mean_T": [
    483,
    10757,
    20936,
    31051,
    41220,
    51315,
    61386,
    71724,
    81930,
    92248,
    102254,
    112287,
    122478
  ],
  "agent_grad_norm": [
    0.08988780528306961,
    0.24260833859443665,
    0.31767481565475464,
    0.1927466243505478,
    0.24346858263015747,
    0.24967385828495026,
    0.21289509534835815,
    0.19639679789543152,
    0.21161867678165436,
    0.1460808962583542,
    0.15010829269886017,
    0.1513606458902359,
    0.19748251140117645
  ],
  "agent_grad_norm_T": [
    483,
    10757,
    20936,
    31051,
    41220,
    51315,
    61386,
    71724,
    81930,
    92248,
    102254,
    112287,
    122478
  ],
  "battle_won_mean": [
    0.0,
    0.0,
    0.0,
    0.0,
    0.03,
    0.013333333333333334,
    0.006896551724137931,
    0.03214285714285714,
    0.06153846153846154,
    0.046153846153846156,
    0.06,
    0.038461538461538464,
    0.014285714285714285
  ],
  "battle_won_mean_T": [
    483,
    10757,
    20936,
    31051,
    41220,
    51315,
    61386,
    71724,
    81930,
    92248,
    102254,
    112287,
    122478
  ],
  "critic_grad_norm": [
    3.116952419281006,
    19.23714256286621,
    5.4040632247924805,
    5.37449312210083,
    9.172016143798828,
    7.0828728675842285,
    5.708776950836182,
    4.991771221160889,
    1.7922619581222534,
    6.639508247375488,
    4.343738555908203,
    4.703192710876465,
    6.915513515472412
  ],
  "critic_grad_norm_T": [
    483,
    10757,
    20936,
    31051,
    41220,
    51315,
    61386,
    71724,
    81930,
    92248,
    102254,
    112287,
    122478
  ],
  "critic_loss": [
    10.398926734924316,
    18.943519592285156,
    9.224371910095215,
    6.380477428436279,
    5.264720439910889,
    5.185719013214111,
    4.290125370025635,
    7.99912691116333,
    3.9625422954559326,
    3.8496081829071045,
    7.8393778800964355,
    4.474579811096191,
    8.043606758117676
  ],
  "critic_loss_T": [
    483,
    10757,
    20936,
    31051,
    41220,
    51315,
    61386,
    71724,
    81930,
    92248,
    102254,
    112287,
    122478
  ],
  "dead_allies_mean": [
    10.0,
    9.85925925925926,
    9.7,
    9.21875,
    8.966666666666667,
    8.98,
    9.058620689655172,
    8.946428571428571,
    8.911538461538461,
    9.03076923076923,
    8.956,
    9.0,
    8.982142857142858
  ],
  "dead_allies_mean_T": [
    483,
    10757,
    20936,
    31051,
    41220,
    51315,
    61386,
    71724,
    81930,
    92248,
    102254,
    112287,
    122478
  ],
  "dead_enemies_mean": [
    0.0,
    0.0962962962962963,
    0.79375,
    1.846875,
    2.7133333333333334,
    2.53,
    2.613793103448276,
    3.057142857142857,
    3.5384615384615383,
    3.6538461538461537,
    3.664,
    3.5692307692307694,
    3.307142857142857
  ],
  "dead_enemies_mean_T": [
    483,
    10757,
    20936,
    31051,
    41220,
    51315,
    61386,
    71724,
    81930,
    92248,
    102254,
    112287,
    122478
  ],
  "ep_length_mean": [
    48.3,
    38.05185185185185,
    31.809375,
    31.609375,
    33.89666666666667,
    33.65,
    34.727586206896554,
    36.92142857142857,
    39.253846153846155,
    39.684615384615384,
    40.024,
    38.58846153846154,
    36.39642857142857
  ],
  "ep_length_mean_T": [
    483,
    10757,
    20936,
    31051,
    41220,
    51315,
    61386,
    71724,
    81930,
    92248,
    102254,
    112287,
    122478
  ],
  "episode": [
    1490,
    2820
  ],
  "episode_T": [
    50287,
    100594
  ],
  "pg_loss": [
    1.2279218435287476,
    1.7114615440368652,
    -0.2149643450975418,
    -0.15028049051761627,
    -0.6105557680130005,
    0.17679186165332794,
    -0.34069982171058655,
    0.04214303568005562,
    -0.06395530700683594,
    0.025184791535139084,
    -0.03261624276638031,
    -0.0206158347427845,
    0.05988546833395958
  ],
  "pg_loss_T": [
    483,
    10757,
    20936,
    31051,
    41220,
    51315,
    61386,
    71724,
    81930,
    92248,
    102254,
    112287,
    122478
  ],
  "pi_max": [
    0.5852069989001035,
    0.6234421615847492,
    0.6391481153008078,
    0.6777844591539389,
    0.6966095823149442,
    0.7063244494763049,
    0.7368216691616767,
    0.7784586588541667,
    0.78163037109375,
    0.806396210059691,
    0.8449884185445011,
    0.8483365842809227,
    0.824481186026675
  ],
  "pi_max_T": [
    483,
    10757,
    20936,
    31051,
    41220,
    51315,
    61386,
    71724,
    81930,
    92248,
    102254,
    112287,
    122478
  ],
  "q_taken_mean": [
    0.03427479745932001,
    2.267115442961165,
    3.541933726615646,
    4.263585209003216,
    4.428404875174581,
    4.747859074519231,
    4.85367643619012,
    4.822700264084507,
    5.124523995535714,
    5.117390493328652,
    5.169489618764172,
    5.534769204024869,
    5.712065756823821
  ],
  "q_taken_mean_T": [
    483,
    10757,
    20936,
    31051,
    41220,
    51315,
    61386,
    71724,
    81930,
    92248,
    102254,
    112287,
    122478
  ],
  "return_mean": [
    {
      "dtype": "float64",
      "py/object": "numpy.float64",
      "value": 2.264884159482759
    },
    {
      "dtype": "float64",
      "py/object": "numpy.float64",
      "value": 3.404695499937284
    },
    {
      "dtype": "float64",
      "py/object": "numpy.float64",
      "value": 5.711685195697353
    },
    {
      "dtype": "float64",
      "py/object": "numpy.float64",
      "value": 7.031611761083743
    },
    {
      "dtype": "float64",
      "py/object": "numpy.float64",
      "value": 8.169518517805828
    },
    {
      "dtype": "float64",
      "py/object": "numpy.float64",
      "value": 8.143451162253694
    },
    {
      "dtype": "float64",
      "py/object": "numpy.float64",
      "value": 8.455833132060047
    },
    {
      "dtype": "float64",
      "py/object": "numpy.float64",
      "value": 9.067569809443173
    },
    {
      "dtype": "float64",
      "py/object": "numpy.float64",
      "value": 9.729967757525342
    },
    {
      "dtype": "float64",
      "py/object": "numpy.float64",
      "value": 9.74007775124929
    },
    {
      "dtype": "float64",
      "py/object": "numpy.float64",
      "value": 9.717498018011083
    },
    {
      "dtype": "float64",
      "py/object": "numpy.float64",
      "value": 9.543792962829194
    },
    {
      "dtype": "float64",
      "py/object": "numpy.float64",
      "value": 9.07350565664035
    }
  ],
  "return_mean_T": [
    483,
    10757,
    20936,
    31051,
    41220,
    51315,
    61386,
    71724,
    81930,
    92248,
    102254,
    112287,
    122478
  ],
  "return_std": [
    {
      "dtype": "float64",
      "py/object": "numpy.float64",
      "value": 0.6787847102177295
    },
    {
      "dtype": "float64",
      "py/object": "numpy.float64",
      "value": 1.1939791653034835
    },
    {
      "dtype": "float64",
      "py/object": "numpy.float64",
      "value": 1.350059954561302
    },
    {
      "dtype": "float64",
      "py/object": "numpy.float64",
      "value": 1.5436111076900036
    },
    {
      "dtype": "float64",
      "py/object": "numpy.float64",
      "value": 2.528043731831327
    },
    {
      "dtype": "float64",
      "py/object": "numpy.float64",
      "value": 1.979950553514138
    },
    {
      "dtype": "float64",
      "py/object": "numpy.float64",
      "value": 1.7515230588290718
    },
    {
      "dtype": "float64",
      "py/object": "numpy.float64",
      "value": 2.4412215282593457
    },
    {
      "dtype": "float64",
      "py/object": "numpy.float64",
      "value": 2.998758491551862
    },
    {
      "dtype": "float64",